id,Manual code,comments
1,1,김정일 조문 안 간다고 OOO하는 색히들. 북한 포탄에 맞아죽은 연평도 장병 조문은 갔냐? 김왕자씨 조문은 갔냐? 6.25때 죽은 수많은 사람들을 위해 단 한순간이라도 묵념해 본 적은 있냐? 지네 오야붕이 뒤지니까 아주 그냥 OOO들을 해요.
2,0,"김대중,노무현정권 특활비 총합 5조5천억.청와대,검찰,국회 등 배정.노무현·이명박 월2억,박대통령 월5천~1억.문삼d 검찰이 태블릿 jtbc조작 은폐 들통나고 박대통령 죄가없자 특활비로 엮으려,..한국당 장제원은 국회 기자회견서 노무현이 특활비 3억을 상가 구입에 쓴 정황이있고,김진태의원은 국감서 기사를 인용 노무현 때 특활비 100억이 북에 넘어 갔다는 발언있었음.홍준표는 특활비를 생활비로 썼고 법무부·검찰은 쌍방 격려금으로 신계ㄹ은 아들 유학비로 사용했으나 죄를 묻지 않았음.의혹투성이 흥진호 관련자 모두 국회출석 거부 중"
3,0,하나님께 감사하라 고장과 동시에 화재라고 났으면 대구지하철 사태보다 큰 사망자가 나왔으리라 본다. 터널 안이라 밖에 빠져 나오다가 다 질식해서 800명이 다 몰사 할수 있는 상황이었다. 정말 다행이다
4,0,[선플] [선플]나라에서 신상을 공개했으니 앞으로는 성범죄가 줄고 밤길을 편안히 다닐수있는 그런 나라가 되었으면 좋겠네요^^
5,1,뽑아줄탱께 만약 못하면 공개처형 콜?ㅅ ㅂ
6,0,드르르 이제는 머리까지 드르르르 ㅜㅜㅜ
7,2,"조문할려는 미친개들!!! 김정일과 그의 아부지 김일성이가 이 땅 한반도에서 전쟁과 테러를 일삼아 수 많은 동포에게 가슴에 상처를 주고 , 슬품을 준 당사자인데 대명천지 수도 서울에서 빈소를 차려놓고 조문을 할려는 인간들은 도대체 미치지 안고서야 어찌 감히 이런 할 수 있으랴. 더구나 천안함 폭침으로 수많은 병사들이 죽어 아직도 영혼을 달래기엔 많은 시간이 필요한데 어찌 감히 천인곡노할 조문이라니 얼토당토 않다. 대한민국에 이런류의 빨갱이 들이 득실 거린다는 사실은 북한에서 큰 이변이 생길때마다 드러나고 있느니 관련기관에서는 친북좌파나 종북좌파들을 하루 빨리 척결하는 데 노력해야"
8,2,"대통령이란 자리가 뭐냐? 모든 권력을 다 쥔자리다..그런데 경상도 미I치색들은 현정부가 못하고 쥐와 닭년이 못하는걸 죄 김대중 노무현 탓만 하니 이런 미i치넘들이 어디있냐... 오늘도 남탓, 내일도 남탓...그러다 야당이 정권 잡으면 그땐 정부탓 하겠지..하여튼 경상도 놈들 때문에 우리나라 정치가 썩는다"
9,2,"[악플] 삼성 마이 컸다. 옴레기 시리즈로 사기 치고 다닐때가 어제같은데... 그런데 만들때 잘좀 쳐만들어라. 갤레기탭 뽑기 잘못해가지고 지금 완전 OOO상태인데, 잘좀 쳐만들어 색히들아 빡치게 ㅡㅡ 메인보드 갈아야한다드라 OOO들아"
10,0,나가라 하하 홍철 마지막편좀보게 다른건 관심없어
11,2,한걸레 다니는 직원 토크쇼들어보자 한걸레 다니는 혹시 직원있으면 토크쇼좀 해주셈
12,0,사장 임원진 전면 교체하고 디자이너 물갈이 해라 ...조준호 사장폰이라더니 G4보다도 안이쁜 폰이네
13,0,상수... ㅉㅉ 그러게 왜 큰집에 잘못보였누.. 민주당이 실수하긴 한거 같은데 이리 돼니 궁금해지네. 허위사실을 유포한 건가? 큰집에서? 아니면...진짠가 흠.. 아리송송하네
14,1,국민혈세 북에 송금 하여 한반도 핵위기 조성하고 미사일 개발시킨 개대중의 노벨평화상을 반납케하고 민족반역에대한 엄중한 죄과를 물어 이넘의 시신을 국립현충원에서 끌어내어 부관참시해야한다
15,0,500-1
16,0,유가족들을 이렇게 만든 가장 큰공은 야당과 전교조들이다.. 한길이 철수 영선아 책임져라..!!
17,1,저 악마년들 키운 가족들과 저년들 신상공개하라 !법을바꿔서 저년들 사형시켜라
18,0,요즘 폰팔이 장사 안될듯 시장이 얼면 다시 돌아가겠지
19,1,ㅉㅉ 애플 OOO 년들 아이폰쓰는나도 짜증나내
20,2,원조빨갱이 -- 남로당의 박정희 7.4공동성명. -- 박정희빨갱이 정책 -- 의료보험. 실업구제. 중소기업 보호. 의무교육. 골목상권 살리기. NLL -- 노태우때 남북기본합의서에서 해상경계선은 향후 협의하여 결정한다... 김영삼 정부-- NLL은 영토선이 아니다.남북 긴장으로 몰고가면서 본인과 자식들은 군면제나 편하고 안전한 보직 많은 건 보수우파 정치인들.
21,1,말로만 강화하지말고 사람목숨이 있는거다.제발 국개의원님들 정신차려서 의정활동 부탁.존대를 하도록 좀 해주시고.
22,1,저금리로 인한 가계부채증가..시바라장난치냐 초딩도아는 예측을 지금에서야 이유라고대는거야 한국은행총재라는시끼가?금번초소0.5%올려놔야 담에다시0.5%올릴거아냐멍충아
23,0,자꾸 청년실업이란 단어를 기사타이틀에 써서 강조하는것은 지극히 정치적인 의도로 보입니다. 기사내용을 사람들이 많이 안읽기 때문에 이런 수작을 하는거죠. 기사를 잘 읽어보세요. imf 이후 구조조정으로 일자리가 줄었고 거꾸로 대졸자는 증가했습니다. 즉 대학수 과잉 대학정원과잉이 청년실업의 가장 큰 이유고 두번째 이유는 imf이전과 비교하는 시각 때문입니다. 후자는 이미 사회경제구조가 되돌릴 수 없는 것이고 이것은 심지어 중국조차 겪고 있는 세계적 현상이지 한국만의 문제가 아닙니다. 전자는 대학을 강제로 없애야 해결됩니다. 정부탓 No
24,1,속초 안그래도 바가지에 싸가지 없더만 기고만장 하것네 ㅎ 특히 대게타운? 니기랄 쓰레기들
25,0,이 나라를 애국자분들이 헌신적으로 지켜왔는데 현재의 매국노들이 판을 치고 있으니 어찌하면 좋을까요
26,2,우리나라가 해외에 팔아먹을 수 있는게 뭐라보냐 소프트웨어 산업 특히 근 미래에 더 활성화될 온라인 게임이다. 쓸모도 없는 게이팝 밀어주지 말고 게임 산업 셧다운제 등 규제 완화 시키고 전폭적으로 지원해라
27,0,"동대문에서 충무로 세종호텔가는데 택시비로 4만원을줬다는데 뭔 말이 필요하겠냐...걸어가도 30분이면 떡을칠거리를 ㄷㄷㄷ종로,청계로,을지로,퇴계로로 구불구불 돌아갔단얘기지.. ㅋㅋㅋ"
28,2,쓰레기 불법체류자놈년들한테 노조설립까지 해준 우리나라법인데 그거면 말다한거지 범죄자들 도와주는 정신나간 우리나라법에 뭘 기대하겠냐 에휴~
29,0,찐쭝꿘아 점심은 먹었나? 고생한다.
30,1,아...OOO 그래도 쫌 믿어줬는데.....넌 정말 OOO이다.....대통령얼굴에 똥칠을해도 유분수지....에이OOO.....
31,1,저 시부렁 새키부터 가둬시불 국가보안법 개나줘버려 국제안보법을 어기는 저 망할놈들한테 국가보안법?이 매국노 같은 놈들아 말이되는 소리를해 북한추정 디도스공격그러면 북한에서 잡아서 가두디? OOO들 많네 정말 이나라가 망해가네 저런놈들때매 너는 앞으로 대선 근처까지 가지도 못할거다. 아무리 당이 그렇더라도 현실파악 정도능력은 되지않니?저게 죄니? 넌 그럼 북한 주민 돼봐 지금 그런말이 나오나.
32,1,주체성도없는 개한민국아 . 또 쇼하냐? 평화통일... ㅈ ㄹ 하지마라. 닭정귄아
33,0,달나라 로켓날아가는 세상에~눈앞에 빤히 보이는 일들을~과학발달~ 순서에 심각한 문제~그냥 한번에 배 끌어 올려서 끄집어 낼수있는 그런 기술이 달나라 로켓 날리는것보다 어려운건가~~
34,0,부여? 저기서 다람쥐랑 토끼잡아야되나?
35,1,문제는 미국 처럼 병원 못 가는 OOO 같은 경우가 생길까 겁남
36,0,뭐냐???토치로 태워버려!!!
37,2,나참 경찰 촬영하려고 밀치고 그거 페북에올려서 관심받으면 민주시민되는거냐? 경찰한테 복싱자세는 왜취하는데? 고딩들난투극만 벌여도 촬영은 커녕 쫄아서 슬금슬금피하는인간들이 경찰 무시하고 동영상찍어서 관심이나끌려하고 어린놈이 복싱배운티내면서 자세나잡고 이게 민주시민이냐고ㅉㅉ 기.레기도 답없다참 제목부터 작정을한거같구만
38,0,타통신 옮겨탄사람들은?????? 타통신 옮겨탄사람들은 그냥 그렇게 묻히는건가요? 형평성에 맞지않음....... 해줄려면 다 해주던가 아니면 그냥 계속 모르쇠 전략으로 나가던가 위약금 물고 할부금 물고 옮겨탄 사람들 구입할때 현금출고가 다 주고 구입한 사람들은 새된겁니까????
39,0,ㅋㅋ 문제 있으면 청문회서 벌떼같이 쪼아대서 하차하게 될텐데 뭘 이리 떠드나?오히려 청문회 열리면 깔 게 없으니까 청문회 시작 전에 하차시키려는 거지.별 걱정들을 다 한다.
40,1,설훈 씹덱끼
41,1,"우리나라 국정원은 그냥예전에 심형래 나오는 유머일번지 같다 . ""영구 없다......."" 하고 바로 대갈통 맞는거 이런집단이무슨 엘리트냐 ㅋ 개콘가서 꽃거지나해라 OOO들아"
42,2,저것들집구석에선 부인들은 남편이 성매매나 하고 종업원하고 잠이나 쳐자는거 모르것지? 시간도 11시도안되 나와서 집에갔으니 술이나 간단히 먹고 오는지알겠지 대한민국여자들 졸 불쌍하네~남편은 나가서 바람필구실이나찾고 기회만보면 바람피는데~ 맨날 보슬이라고 까대는 인터넷꼴마초 찌질남들아 반성해라 OOO들~ 여자만나옴 개때같이 달려와 악플다는수컷들이 이런기사엔 조용하네 별 그지같은것들 자지가 벼슬이냐? 저런것들 부인들도 죄다 똑같이 어린영계남하고 바람이나펴라ㅉㅉㅉ 저녁먹고 단란주점에 2차 술집에성매매해도 10시20분에 나오네 ㅋㅋ 집에가서 오해안받을라고 빨리빨리 다하네 이러니 전세계에서 젤불쌍한게 한국여자임..꼴마초 자슬들이 때문임
43,0,직업숨김 치료비 지원 하지마라
44,0,남조선은 까라면 까고 안되는것도 무조건 하면된다는 정신이 있는데..왜 너희들은 뭘 시키면 물이없다 전기가없다 비료가없다 인력이없다. 관리가 안된다 전문지식이 부족하다 왜그렇게 사사건건 토달고 안된다고 부터하나? OOO~!니 주딩에 들어가는데 왜 우리가 새빠지게 할필요가 있나?
45,1,제일 중요한게 핵을 안맞는게 중요한데...만약 이게 불시에 맞으면 고층빌딩과 아파트 그리고 지하에 거미줄처럼 설치된 도시가스망이 많은 서울은 쑥대밭되고 방사능 피폭이이 수도권에 도시에도 미쳐서 나라좆된다 ...피폭된 사람들은 몇년내에 암에 걸려죽고 유전자 변형으로 자식 손자 세대까지 기형아 출산한다 핵 한발로 줄수있는 피해가 상상을 초월한다 북한도 이걸 노리고 있다
46,1,무슨 멜로 찍냐? 범죄저지른것들을 무슨 메시아인양 처 울고 난리피질않나! 면회가는걸 무슨 멘로영화 화보찍냐구? 적당히 미쳐라
47,0,현재기온 영하10도..
48,0,미안하지만 톡 까놓고 이제 안철수가 기웃거릴 곳은 새누리당 밖에없다.....민주당이나 새누리당을 먹을 정도의 인물은 못됨 ㅋㅋ
49,1,젓 같은 것덜...국민 민생 은 아예 제껴두고 제벌 들 걱정만...재벌 걱정은 박통 하나 만으로도 차고 힘겹다...ㅠ.ㅠ
50,1,중국과 관련된 녀놈들이 위기의 한국을 분탕질하고 있다 박근혜 때도 한몫단단히 했지 진짜 진보 보수라면 이놈들부터 조져야 한다
51,1,분대장을 제외한 병상호간에는... 후임별님들 통제할 방법이없음... 바로 분대장을 제외한 병상호간에는 명령 지시 간섭을 할수없다임<---이 대목임 즉 분대장이 아닌이상 병장도 이병에게 원칙대로라면 명령 지시 간섭을 할수가없음 병영생활 행동강령 중 젤 x 같은 대목... 저대로 했다간 규칙대로하면 징계임 혈기넘치는20대들 모였는데... 구타도 안되 뭐라하면 다끄어버려 조금만 빈틈보이거나 약하다싶으면 짬시킴....인권때문에 계급자체가 무너짐.. 그래서 말년되면 그냥 터치 안함 .이게 현실임.. 구타는 물론 안되겠지만... 계급자체 유지할수 있는 장치도 마련해야함. 사고친넘 OOO이지만.... 차라리 위에서 갈굼당하면 참지만 밑에서 치고 올라오면 자존심쎈놈이라면 미칠수도 있음
52,1,오마니... 가족... 씨팔롬들아 감성팔이하지마라평소엔 부모님 속만썪이던놈들이ㅋㅋ 난 어려서부터 부모님없었다 씨팔롬들아 가족 이야기하지마라
53,1,집구석 자체가 하자네 ㅈ망해라 시밤
54,2,"바퀴벌레 좀비충 개돼지 레밍들아,----------------툭하면, 친일파 뉴라이트하며, 개거품 물며, 지이라알 바아알광을 하는데----------- 어떡하냐?----------니들이 열심히 빠는 놈도 일제시대 친일부역질한 놈의 자식인데,-------------친일파 후손 똥꼬 열심히 빠는게 쪽팔리지도 않냐? --------설마, 독립투사 후손으로 착각하고,[ 아님 알면서도]똥꼬 빠는겨?------니들 대갈통은 장식용이냐? 그래서 니들이 개돼지인거야------구역질 날 정도로 존나리 혼자 깨끗한척 하기는 아유 재수없어"
55,0,걍 얼굴 까지 가해자한테 뭔 인권이 있나
56,0,너는 말이지...피양새나 안뽑아 주면...고맙겠어. 어데서 5대원칙이여?
57,0,저런거 80k로 고정 시켜 논거 아닌가?
58,0,같은 남자로서 부끄럽네유 대중들많은데선..가급적 그것두 금연구역에서... 대한민국 현실입니다 서로간에 몸싸움 실랑이 쌍방이라는...
59,1,하여간 1번이고 2번이고 사람안보고 번호보고 찍는 인간들 때문에 대한민국이 망한다..새누리건 새민련이건 사람보고 찍어야하는데 그놈의 우리가 남이가 주의...당신들이 OOO같은건 이해도 안가지?
60,1,사진보니 ㅈㄴ빡치네 ㅅㅂ
61,1,갑순이가 갑돌이[죄인]부인 갱숙이 말들엇나 보기싫응께 빨리 특검이나하자 정치 차 ㅇㄴ ㅣ 에 부동산 투자라 국회세비에 나전칠기 이익에 부동산차익 쓰리잡하네 쐐레기같은 인간이구먼 ~~~
62,1,빙신들. 그걸 8년 동안이나 모르고 있었냐? ㅉㅉ
63,0,자살시켜놓고 확인하러가네.. 와 지옥갈놈
64,0,국내는?????
65,0,나는이제 가졋으니까 딴놈들은 갖을생각 하지들말어라.
66,0,이명박은 거의 4년동안 놀았냐? 나원참 경상도 또라이들의..제정신은 언제 돌아오는가... 잘한것도 노무현탓.. 못한것도 노무현탓.. 도데체 이명박은 거의 4년을 채우는 동안.. 결국 전봇대 하나뽑고..4대강 한거 빼고는 아무것도 안했냐? 가계부체가..3년동안 200조가 넘을 정도로 규모가 커졌는데.. 국가 파산이나..극도의 경기불항에 처한 국가가 아니고선 아마 내생각에는.. 세계적으로도 이렇게 빠른 속도로 증가되는 경우도 드물걸.. 그런데도.. 아직까지도 노무현탓이야? 결국 이명박은 존재감 자체가 없다는 말이지..
67,2,아니 이해가 안되는게 가산점 안받고 2년동안 공부하는게 유리하냐 2년동안 공부못하고 쥐꼬리만한 가산점 받는게 유리하냐.... 2년 이랑 2점 둘중에 하나 골라봐 이미친 욕나오네......... 진짜 왜 이걸로 불평등이니 소리가 나오는지 모르겠네... 아 대한민국 남자들은 멍청해서 이렇게 불평해주면 대한민국 남자들이 큰거 받는줄 알고 이정도만하고 넘어가겠지 해서 그런거냐? 우리 남자들 왤케 속이좁냐 더크게 바라자
68,1,국민여러분 앞으로 국개 보다는 국회의원을 뽑을 것을 요구합니다. 국민여러분의 잘못된 선택은 4년뒤 당신들의 재산뿐 아니라 자식들까지도 되돌릴 수 없는 피해를 볼 수 있습니다. 주둥이가 아닌 각 분야의 전문가를 쫌 뽑읍시다.
69,0,김재원 또 가서 굽신굽신 형님 오해가 있었습니다 제가 그런 게 아닙니다요 이러는 거 아니냐? ㅎㅎㅎ
70,0,이거쓴 기자는 ...좀 이상한듯...내시닝각각에도 이건 당연 찬성인데..
71,0,ㅋㅋ직원들이 대놓고 보여주내 가능성 없다라고..많은사람들이 잭팟이라고 역사상 역대급 돈이 몰려 이슈화되더니 결국 거품이었다라고 직원들이 대놓고 보여주는 케이스내 ㅋ투자한 개인들은 완전새되내
72,0,농약 사이다 할매들도 한마을 이웃인뎅 ㅋ 서울이라서 문제가 아닌거 같은뎅 ㅋ
73,1,병.... ㅡ신 후진국 하여튼 자연훼손 시키는덴 1등
74,0,댓글 잘못 달면 소송 당해요. 어디서 소송할까요. 빽이 있어야지. 나한테도 소송한다고 문자가ㅡ
75,0,뭘 잘못했는지 모르는 더라 념들.....
76,1,취업이머죠? 오포세대는 요새사는거는 8포세대는 되는거같은데 핵대중 OOO넘이 대학수드럽게늘려서 이꼴낫네
77,1,확실히 근본없는 개아들놈시키네....이것도 언론의 표현이다....알지? 개아들놈아
78,0,의사들이 언제쯤 환자의 안위와 생명만을 위한 의사가 될려나?
79,1,OOO 어떻게 ㅠㅠ
80,0,경상도 친일파 전라도 종북빨갱이라 욕하는 멍청한 놈들.... 꼭 한 지역을 악질적인 사회 암으로 낙인 찍고 서로 비난해야하나...
81,1,앱등이들 하여간 알아줘야해~ 안드로쓰면 거지라고? 멍청이들이 아이폰 단점중하나가 가격인데 이젠 가격까지 장점으로 만드려고하네ㅋㅋ 니들은 비싼돈내고 쥐똥만한 액정박힌 폰 써라~ 난 공짜로 5인치짜리 쓸테니깐ㅋㅋ
82,1,낙태법까지멀리갈것도없고! 애비놈들 욕할것도없네! 여자가 능력이안되면 피임을 잘했어야지! 루프도있고 피임약도있고 남자들같이 정관수술처럼하는 방법도있는데! 자식죽인ㄴ이 멍청하고 죽일년이지 누구를탓을해!
83,1,솔직히 진상부리는 새퀴들도많자나 찌질이라고 쓴거는 잘못했지만 진상부리는넘들도 콩밥좀 먹게할수없나? 꼴보기 싫어
84,1,갤노트사면.. OOO취급당함.. 저큰걸 귀에대고 전화한다고 생각해보세요.. 왜 OOO취급당하는지 이해하실겁니다.
85,0,시연을 해봐 사람들 모아놓고 다시한번 재현해봐야 믿을것 같다..
86,1,개검들 뻥튀기 조작질 어디 하루이틀이냐...ㅋㅋ 없는것도 많들어 내는 애들인데 ... 하기사 밤마다 차앙녀 구멍이나 할는 애들눈에 뭐가 보이겠냐 ... 설마 사회정의가 보이겠냐...? ㅋㅋ
87,1,ㅁㅊ ㅋㅋㅋ 무슨 문씨가 잘해서 체감 오르는 것처럼 댓들 써재끼넼ㅋㅋ 삼성이랑 현대가 멱살잡고 끌고가는거 안보이냐 ㅋㅋ 그래봤자 현차 공채 올해 없앴지?? ㅋㅋ OOO들. 현 정권 지지하는 인간들이 가장 빡대가리 개돼지임에 틀림이 없음.
88,0,부부사이를 갈라놓고 여자에게 평생 짐을 지우게 하는 유교사상!!! 이생에 돌아올수 없는 죽은 사람의 혼을 위해서 없는 돈 털어 제사음식 장만 하는 어리석은 제사 추종자들!!
89,1,입증자료가있어야 처분할수있다. ㅈ같네 아욕나와. 유치원교사고원장이고모두처벌해
90,1,그래도 영국 정치인은 책임이라도 지네. 한국은 아무도 책임 안지고 지 입으로 직접 정치권에서 물러나겠다고 한 X죄인새끼도 뽈뽈 당당히 기어나오는데
91,1,우리나라 문화재면 니뽕계셰끼들부터 훔쳐간 노무셰끼 먼져 밝히고 우리가 가지고 있어야 되는거 아니야? 먼가 거꾸로 돼가고 있잖아 머저리들아 등~신들
92,0,지가전업주부를해봐야 저딴소리가안나오지.세상에 어디에서도 애들을 돌보는것에대해 &#39불필요한보육&#39 이라는말은하면안되지. 복지부장관아저씨야 보육에 불필요라는건없다.
93,2,사진 잘 나왔내 ㅎㅎ ? 왜 싫타하지 이사진을 짜증 나는 일박에 업는 요즘 한번 웃자고 한것 아닌감 ?그런대 갱상민국에서 갱상도쪽 대통령을 풍자 했으니 또 개때처럼 난리 치것구만 갱상민국 사람들 남이 와와 하니 뜻도 모르고 같이 와와하고 소리치는 전국구에 무식칸 또라이들하구
94,1,아엠에프때 불상하게 죽은 사람들 생각 안하나 뭔 세월호 서민들 죽어 나는데 노조 정치나 좃 하소
95,1,권리금 ㅋㅋ그게 현대판 한강물 장사를 허용해주는 미친 법원 ㅋㅋ 지들이 뭘 판결하는지도 모를꺼다 ㅎㅎ 법치국가 맞냐
96,1,검사라는게 니딸 련 이 당해봐야지 그런 아가리 터르는 개 소 리 안하지
97,1,공무원들 개혁해야된다쓰래기 필요없는것들이 너무많아국민등골 빼먹는 OOO들좀 짜르고 없애라
98,0,갓난아이가 마시는 중요한 물이라고 광고하는 회사 수준
99,1,"역사에 영원히 기억될 인물이다. ""사실이 아닙니다."" ""모릅니다."" 너의 눈에 국민들은 안보이냐? 너와 김기춘이 있었기에 국정농단이 발생했다는 걸 전국민이 알고 있는데 이제는 국민들을 농단하고 있네. 더럽고 비열한 놈!"
100,1,저 기사가 만우절 거짓말 같은데?똘아이들이 얼마나 많은데 장난전화가 없겠어?
101,1,이런 신발놈이 정치를 하니까 일본은 독일을 넘지 못하는거지 EU의 리더국가 독일을 봐라~ 아시아의 전범국가면서 반성도 없는 섬나라 초파리들아 바닷속으로 가라앉기를 진심으로 바란다. 그땐 한국으로 일본 초파리 난민들이 오겠지?
102,1,이런!!!OOO!! 너도 광화문 앞에서 그렇게 좀 맞자!!!
103,1,"방사능 국내여론 딴대로 돌리려 이 OOO들 지들이 원자력 발전소 잘못 판단해서 이렇게 방사능 공포에 휩싸이니까 국내여론을 어떻게든 좀 다른곳으로 돌려보려고 OOO 발광을 하는구나 이건 우리 정부에도 일부 문제가 있다, 얼마나 안일하게 보이고 독도문제에 대해 양보를 했으면 이런 용도로 독도를 활용하게 만드냐"
104,1,"큰 촛불 멀지않았다 이게 나라냐? 남이하면 죽이고,내가하면 공정 끼리끼리 다해먹고,국민세금 막 쓰라고 추운날 촛불 든줄아냐? 양초회사 또 대박나겠네 @@@@@개~새/끼/들"
105,1,내세금으로 저런 짐승들한테 밥먹인다는게 미치도록화가난다.한번이든 아니든 아동폭행이 결국 사망에 이르른 이유아니닌가..남인내가봐도 가슴에서불이올라오는데 ... 어린아이가 당한 공포두려움고통을 느낄수있어서 그만큼 벌줬으면 좋겠다 그러면 저런 상해치사가아니라 사지를 찢어죽여도 시원찮을텐데...
106,0,그냥 나오는데로 기르는걸 딸이 좋다고 말할수 있는건가.
107,0,의미없다
108,1,이미 퇴임도 확정된 씹퇴물이 우리나라 1위 언론사에 고소 한다 OO ㅋㅋ허공에 좃질 그만하고 아빠노릇이나 해
109,1,미친
110,0,역시 비버ㅋㅋㅋ빌보드 일위 정말정말 축하해요:]BIEBER FEVER IS EVERY WHERE
111,0,1M 지렁이는 원래 있는 종류 동영상은 2005년도꺼 메기는 진짜 그렇다쳐도 지렁이는 불안감조성하려고 한짓임?
112,1,엽충이들 &#34세계 판매1위 삼성&#34 마진은 똥인줄 모르고 불쌍함
113,0,애를 가지면 안되겠다 . 이건뭐 영화보다 더 심각. 인간이 멸망할수 있겠구만
114,1,정부당국자들 명심하세요! 일본쪽빠리들 도와주면 안됩니다! 우리민족의 주적이자! 우리를 능욕했던 놈들입니다! 그들은 자기들이 자신 있다고 했으니 그냥 내버려둡시다! 인도주의 정신은 저놈들한테는 적용이 안되는 졸렬한 족속입니다! 우리 등에 칼로 배신할 족속입니다! 지원 어쩌구 저쩌구하면 대통령 선거때 심판할겁니다! 절대 안됩니다! 죽게 내버려두세요! 그리고 일뽄 OOO아! 니네들 존심있으면 우리한테 손 내밀지마! 그냥 뒤져라! 원숭이OOO아!
115,0,방산비리만 없어도 항공모함 몇대는 만들었겠다.강력하게 처벌하자.북한 애들은 중국과 이간질이 주 목표인가
116,0,이명박이 막판에 오점 하나 남기네.. 이건 아니지.
117,0,"TV토론은 대통령후보가 자신을 어필하기 위해 나오는 자리이지 다른 후보를 깎아내리기 위한 자리가 아닙니다. 이정희 후보 정말 이런 생각을 가지고 있다면, 절대 나오게 해서는 안됩니다. 다시 또 토론의 질을 떨어뜨리고, 후보들에 대한 제대로 된 판단을 못하게 하고, 국민을 우롱하는 꼴을 보고 싶지 않네요."
118,2,"전교조들 모아놓고 폭탄한방 쏴버려라~ "" 전교조 모임중 원인모를 폭발로 전원사망 "" 이런뉴스 보고싶다"
119,2,요즘젊은맘충뇬들 대가뤼에똥만찬뇬들이 쨩께짖거리하는거보면 차암 기도안찬다 ㅎ 정신들 챙겨이뇬들아 니색히도 개쑤레기로크는거여 ㅎ 몬난뇬들 ㅉ ㅉ
120,0,장난하냐 그러면 학원마치고 10시에 오는 애들은 어쩌라는거냐
121,1,와우 굿이네 원숭이 색히...졸라 웃기네 지금 이명박 대통령이 서울시장 출마했냐? ㅋㅋ
122,1,애 낳으라고 말하지마라... 이 미친것들아...
123,1,저런 똥개샼ㅋ키는 어떻게 사살해야 하나...?
124,0,몇년전에 뉴스로 LNG화물창 국산화 했다고 했던거 같은데..- 박근혜정권때! 그거 가짜뉴스였어???
125,1,코에걸면코걸이 귀에걸면귀걸이 =닭근혜정부윗대가리놈들ㅋㅋ
126,1,"참 답답하다.. 개같은 새상이다 진짜.. 애들은 보나마나 빨간불엔 건너면 안되는거라 생각하고 횡단보도에서서 파란불로 바뀌길 기다렸다가 파란불이 들어온걸 보고 횡단보도를 건너려 햇을거야.,. 어떤 개같은 것들이 아이들에게 파란불에 횡단보도를 건너라고 가르쳤냐.. 어떤 개같은 자식이 어린아이도 조심하여 지키려던것을 자만하여 어린생명을 앗아가게 만드냐.. 개같은 사회다.."
127,1,외교관 집단이 지금은 깡패집단인가보네.. 잘못하면 무릎꿇고 손발가락귀팔다리 자르고 장기도 적출하나 보네... 국민세금으로 잘 하는것거리다.
128,1,"부모학력이낮을수록???OOO삽질에.....한대때리고싶다..어떠한경우던 퍼센테이지로 나누다보면,한쪽으약간이든,많이든 치우치게마련인데...사회생활에서민감할수있는부모님얘기.....콱그냥~~"
129,2,대깨문들은 왜캐 여자가 많냐 ㅋㅋㅋ 아직도 조국 빨아재끼는거보면 걍 문재인 얼굴보고 지지한거마냥 조국도 얼굴보고 좋아하는거같은데 그냥 가서한번 대주든가 ㅅㅂ
130,0,"형집행정지가 검찰에서 결정할 수 있는 상황일까? 작금의 나라 현실에서... 모질대로 모진 이 정권! 언젠가는 그들이 심은대로 받겠지만, 현실은 암담하고 가슴아픈 현실을 국민들은 마음에 새겨야 할 것이라 본다."
131,2,"유럽 공항에서 일하는 무슬림, 중국인들이 심심하면 승객 수하물 터는게 취미인거 상식이죠"
132,0,범죄자 임병장 증언을 복사하는 공영방송 이라니..참 한심한 KBS~!!..곧 희생군인이 가해자 되겠네ㅉㅉ
133,1,이 양반아!!야~언제부터 우리나라가 내가 싫다!좋다!라고 입 밖으로 소리 낼수 있는 그런 곳이었나?그럼 너 왜 이딴 x쓰레기 소리 하는데. . ?너도 약자니까!!그렇게 소신 있는 사람이 누구 사주 받고 이딴 소리 하냐!!
134,0,뭐라고 '보' 가 들어가면 여성혐오였어? 보리차 보자기 보성루 이거 다 여성혐오임
135,0,어쩌라고요 개는 반려동물인데요? 개를 괴롭히느니 사람이 괴로운게 훨씬 낫지요 개가 우선입니다 야만인들아
136,1,뻔뻔해도 처벌근거는 없다. 그게 x같은 현실이긴 하지만 저런경우 원인제공 흰차량은 단순 찐따일뿐 잘못은없다. 일단 버스는 안전거리 미확보로 뒤에서 받았으니 버스 과실로 나올테지. OOO
137,0,뭐이런십진핑이
138,1,"아새기가 오죽 별나면 쳐 맞아겠나, 아새기들 오냐오냐 키우면 버릇이 후장된다. 아새기가 세상 무서운 줄 모르고 설치면 존나게 패는 게 약이다"
139,2,트럼프가 한국방문했을때 좌빨들이 트럼프욕하고 미군철수해라고 데모를 하니 트럼프가 열받아 이런나라 지켜주면 뭐하나고 생각했네. 한국에 앞날이걱정스럽다. 북위협뿐만 아니라 경제도 개판나겠네
140,1,아직도갈길이바쁘다쥐박이 최순실교과서 우병우 김기춘 이것들친일파후예들은 무슨짓을벌일지모른다 벌써내각제바람몰이하고있다 자자손손권력나눠먹자고OOO들이다 정신바짝차려야지 하면서스스로를격려하자..
141,1,"좌편향 기술을 바로잡겠다고 국정화를 한다?지랄하네ㅋㅋ 독재,친일세탁 개새들아 진짜 막나가네 시벌. 경찰,군이 다 니들 손에 있으니 끝까지 가겠다는거냐. 하... 시민들 수만명이 시위를 하면 뭐하나. 진짜 엿같네"
142,0,은하철도999 타고 가면 얼마나 걸림
143,1,제발 뒤재인 문졌으면 ㅜㅜ
144,0,이로써 민주당이 대통령 될 일 없을 것이다.
145,0,꼬꼬면 등장에 견제 하는 듯한 . 느낌을 지울수 없는건 나뿐인가...ㅎㅎ
146,1,김정은이 부릅니다 개소리
147,1,x랄들 하고 자빠졌네. 니들 한 열 트럭 갖고와도 삼성이 낸 업적에 명함도 못내밀어
148,1,아이폰은 뒤에 TV가 아예 안보이는구먼. 더러운 대만제 개잡 쓰레기폰임을 다시 한번 확인시켜주는군
149,1,"예상치도 못하기는 뭘 예상치 못해 그떄 한나라당이랑 새천년민주당이 손을 잡는 희대의 코미디 연출, 그래서 딱 재적의원 과반수의 출석과 그 전원 찬성[대통령 탄핵은 재적의원 과반수의 출석과 2/3의 찬성요구]로 인하여 딱 노무현 탄핵시킨거지. 니네들이 계획했는데 뭔 개소리냐."
150,1,별그지같은 련 하나같다가 g럴을 하네
151,1,당연히 피해를 입겠지만...북한이 꼴랑 몇명 죽이겠다고 국제적으로 비난받을짓을 굳이 할필요가 있을까? 그리고 저물 다 방류하면 북한도 가뭄땜에 좃되는데 ..현실성이 없음
152,1,"반일,반미계속해 문재앙씨 친중,친북 계속되는 시고 나라 공산화에 집어던져라 문쟂앙씨"
153,1,담배펴도..아닌척하는데 진짜 뒤에가선 엄청 욕나오고 손이랑 코 숨참다참다 마실때 기분 더러움 ㅋㅋㅋ 특히 밑에 할아버지 살거든요? 존나 펴대는데 환풍이 잘 안통해서 ㅋㅋ맨 끝층에 사는 난 미침똘고새끼
154,0,하나를 해주면 열을바라고미개한 유족들 끝도없는욕심에국민들도 지겹고 짜증나는디왜 대통령을만나두 터무니없는것들만 늘어놓는디 우째만나누 이것들아
155,0,수입해라! 우리나라 우유값 버터 졸 비싸!
156,0,국민의당이 가운데서 캐스팅보드 역할을 하겠네. 어느쪽에 붙느냐에 따라 법률 안건마다 과반이 달라지니... 국민의당 뽑진 않았지만 국민이 바라던 구도가 아닐까 한다
157,1,역시 트럼프는 전쟁꽝인가?? 미국 참 쓰레기같네! 어쩌다 이런 유아틱한 놈들이 세계 강대국이 되었을까??!!
158,0,무서운 사람들 ㅡㅡ
159,1,대한민국에서 할수있는 법조계 쓰레기짓은 다하네??ㅋㅋ 역시 닭년~
160,0,제발 모두 무사하길 바랍니다
161,1,조슬 까고 있네아 깔 조시 없네 ㅠㅠ
162,1,ㅋㅋ 이젠 아주 소설을 쓰는구나.좃 썬
163,1,뭐가무너졌다는거냐?이나라가언제?말같지않은쓰레기집단들?언제누가어떻게무너졌냐고?지금21c다.옣날방식도못벗는자가무슨?
164,0,이분 아무리 생각해도 멋있다.존경합니다 교수님
165,0,51살 할머니면 애미 애비는 10대나 잘해야 20대초반~애를 둘씩이나 낳고... 할머니도 만만치 않게 자손을 일찍 낳으셨군요~ 먼저 배움의 근본을 채운 다음에 자식을 낳았으면 합니다... 나중에들 후회하지 말고...
166,2,ㅋㅋ 의원 뱃지 한번 달아본적 없는 인간 은퇴하는게 진짜 대단한 일인가 보네 ㅋㅋ 기레기 새끼들 준석이 사랑에 피눈물 난다 ㅋㅋ 진짜 기레기 새끼들 선택적으로 이 ㅈㄹ하는거 역겨워 죽겠네 ㅋㅋ
167,0,답답...그래서 부취제가 어디서 왔냐고요? 부취제겠지 라는 추측말고 팩트를 알고 싶다고요..
168,1,"이런 쪼다같은 놈이 또 설치나, 네가 없어져야 한다는 걸 모르냐?새민련 정청래와 같이 놀아라."
169,0,자격박탈시켜야지
170,1,지랄을 하고 있네 쓰레기도 분리수거해야지 한번에 모아놓으면 쓰겠냐
171,0,이제와서 뭐하러막아 그냥 정치나하게 놔둬
172,2,카다피 관저 파괴에..좌빨 절라도 김대중 그립다...노무현 운운 이런 글올라 오는건 머야? 기사하고 아무관계없는건 왜 올리지? 문맹들?
173,1,사내 새끼가...한입으로 두번 말하는...에휴. .창피해... 두쪽 떼서 지나가는 개가 줘라...달고 다닐 자격 없음..
174,1,광안리가서 일곱시간 피시만하다왓다 OOO
175,0,"정치인들 다 공약만 있지... 뭐든 선택에는 희생이 따르는데, 미세먼지 줄인다고 화력 발전소 가동률 줄인다고 ? 겉은 논리가 맞지.. 실 사정은 어쩔 그 에너지원 커버리지는 무엇이며, 그 대안이 현실적으로 적용 가능한것인지에 대한 내용이 없네 ㅡㅡ"
176,0,전세값 고공행진 당분간 계속되겠지요~! 방관자적 태도로 대출이나 알선해주고 있으니... 인구분산정책을 하지 않는 이상 집값은 유지되는 것이고 있는 사람들 편하게 살게 해주는 정책이지요... 그래서 표 많이 얻잖아요!
177,0,그리 착해빠져서 어떻게 살려하십니까 이세은 1마리의 양과 10마리의 늑대가 있는 형국인데 모두가 당신같은 마음이 되길 빌지만 조금강해지십시요
178,1,자수해 이 천벌받을놈아 아님 자살도추천 자살 해라 벽돌 얻어다가 똑같이 우리나라 기술발달한거 모르냐 곧 잡힌다 이쓰레기같은 살가치도 없는 역겨운년아잡히기전에 자수해라 진짜 고양이 귀신 붙어서 평생 괴롭힘 당한다 니는
179,2,20대가 세상을 바꾸자.. 20대가 정치하여 복지국가 만들자.. 나라에서 월급받자.. 공부할 필요 없고..취업하여 일할 필요없다... 선거하여 복지국가 건설하자
180,2,다케시마에서 꺼제 미개한조센삐드라
181,2,핏불이 김치년을 응징햇네. 잘햇다 우리 핏불 ~
182,1,부시 이후 미국이 많이 밀려난것은 사실이지..무기를 팔아먹던 다른 나라 석유를 뺏든 간에 일단 자국의 이익과 국력을 키우려한것이 공약이였고 그것을 지키는중 인대..불안하기는 하지만 우리나라도 본받았으면 좋겠다..국민들 살기좋게 만들어놓고 해처먹으면 누가 뭐라고하냐..국민들은 다 힘들게하고 지들만 처먹을라고 하니까..이난리 난거지.여당이든 야당이든 국민들 부터 생각하고 난중에 니들꺼 해처먹어라..닝기리 조또년아
183,0,애초에 개성공단은 임금이라는 측면에서 입주기업들에게 상품에 생산단가 다운이라는 큰 메리트를 준건데 반대로 그에 상응하는 리스크는 알면서도 모른채 했던건가? 그 동안 재미도 많이봐놓고 막상 일터지니 정부한테 보상금 더 뜯어내서 손해 안보려는게 참... 다 잃고 리스크가 큰 사업에서 정부가 90%면 보상해주면 충분하지 끝까지 지들 이익만 챙기려는 수작이 꼴불견
184,0,5번째 다주택자 불이익 폐지??? 이 것은 절대 폐지해서는 안된다고 본다. 불로소득자의 표본인데. 불로소득자들을 먹여살리는 사람들이 수입의 30% 이상을 월세[렌트비]로 사용하는 렌트 푸어들인데???
185,0,한국 일본 협정 반대하던 이명박도 중국산 멜라민 우유 먹었나 한중FTA 한일FTA 하고 중국하고 군사협정하고 일본이랑 군사협정하고 참 이상한 나라다 왜 저러지
186,0,노답노답노답노답노답
187,0,"밀양에 할매 할배들 욕하는 놈들 봐라. 땅이 10만평, 20만평 있으면 뭐하노? 송전탑 들어서는순간 땅은 팔지도 못하고 평생 전자파 받으면서 살아야 한다. 그런데 400만원에 합의 하겠냐? 니같으면 하겠냔 말이다."
188,2,문슬람달창들은..왜이렇게트집만잡는지..악플좀그만달아요..
189,2,종복편향 씨앗들이 각계각층에 다 퍼져있어! 독버섯처럼! 남로당 후손들이 자리 잡았지! 지애비 애미 복수하려고
190,1,가장 성공적이어서 학생 자살율 당당하게 세계1위냐 OOO야
191,1,남편이OOO OOO년 말려죽일라 춘천이면 가서 계란좀 던지고올까? 어차피 집유도 안나올텐데 십17세 언니라는 년은 뇌가 무뇌년인가ㅡㅡ
192,2,"서울에서 고향 어디세요? 물으면 충청도=대전입니다. 강원도=춘천입니다. 전라도=광줍니다., 경상도=이노마가 다 암시로 뭘 묻노? 내 말씨 들으면 모르곘노? 니 지금 내 놀리는기제? 칵 쥑이삘라. [쌔빠닥이 돌뎅이라 10년을 서울 살아도 사투리 세탁이 안되는 경상도사람의 신경질적인 반응인데요, 특히 이명박정권의 실패나 엽기패륜 사건등 또 김길태 사건이후로 심해진것같아요]"
193,1,야이 OOO것들 일어납시다 다른 나라는 국민이 일어나 탄핵 해서 대통령 처단하는데 우리는 ...ㅠ OOO 일어납시다! 아 민주당은 당장 국민이 하나로 뭉칠수있는 계기를 만들어줘라 OOO 가만히만 있지말구 OOO람들아
194,0,하이테크 사지마세요!!우익예요!!독도를 지켜쥬세요~!
195,1,악플러 고소한다는 기사에도 악플달고 고소각 못재는 빡대가리들 왜이렇게 많음ㅋㅋ나중에 아이고 죄송합니다 굽신굽신 거리고 있을 한남들 모습 뻔하다 절대 선처해주면 안될듯
196,1,교회 처막을거면 클럽부터 막으라고 박원숭 띨bbak새리야 도대체 구두쇼 옥탑방쇼 같은 쇼말고 할줄아는게 뭐임??
197,0,다른 나라는 대표기업키우려고 엄청 노력하는데 혼자서도 잘크고있는 우리나라 대표기업을 해하지못해서 안달이네 그것보고 외국인친구가 한국은 어리석은나라라고 하더니만 그말이 딱맞네 삼성이 어려워지면 한반도경제가 어려워지고 그피해는 고스란히 떡검과 국민에게 돌아오겠지 부메랑이되어서 언젠가 그대로 돌아올거야
198,1,저렇게 시킨놈도! 저렇게 출력한놈도 모두 꼴통ㅅㄲ들 애들이 얼마나 상처받을지....ㅠㅠ 대갈통에 똥만찬것들
199,1,그래 박근혜 물고 늘어져야지..이제 떡검은 물증없이 박근혜가 불법으로 쫓아낼려고 했다 할거고.그냥 사형시켜라..문등신 임기 끝나고 똑같은 기준으로 특검하고
200,1,좃.만이나 빨리처리해라 똥싸는짓 집어치우고 가전까지 날려버릴거다... 크고 비싼폰은 쓸모가 없어 글자치기만 불편해
201,2,위안부가 창녀라는 이미지를 한국김치년들 국제적으로 심어주네
202,0,슈벌 5잔이한계인데 난정신이군
203,1,중국이 야금야금 우리나라 상권을 잠식하는구나..암것도 모르는 정부는 좋단다..제주도 다 팔아먹고 드디어 육지로 상륙하네..미친정부...
204,1,국회의원 연금법이나 중지시켜 국민을 생각안하는 OOO같은 x들아!!! 니들끼리 싸움이나쳐하지말고 지들 밥그릇챙겨가며 옳고 그른게 뭔지도 모르는 한심한 족속들!!!
205,0,현직 경위입니다 잡혀온 학생들 대학 어디인지 아시나요 ㅎㅎ? 진짜 기가 차내요. ㅎㅎ 성족조회도 해봤습니다 ㅋㅋ 경고 처분 이내요 거의다 ㅋㅋ
206,0,집 사지마라 집가진 노인들 몇년~십몇년 후면 다 죽고 한국 인구 감소되고 집값 자연스럽게 거품 꺼지고 하락하고 젊은 사람들 노력해서 돈모아서 대출받아 집사라고??ㅋㅋㅋ 미친인간들 니네집값 담합으로 올려놓고 젊은 사람들한테 깡통 콘크리트 덩어리 넘기지마라 그냥 즐기고 쓰고 해외여행다니면서 결혼도 애도 낳지말고 살아 이 나라가 20대한테 뭐 해준거있냐??
207,0,민주화하는 놈들 다 때려 잡았어야 하는데.. 아쉬움... 저놈들 때문에 민주화가 안좋은 뜻으로 쓰이는 거 같음.. 정의는 없고 목적만 있는 놈들.. ㅋㅋ
208,1,아베대변인 좃선은 폐간하라
209,0,미국도 유럽도 한국도 일본에서도 팔수 없는폰 미국에서 오프라인 A/S점 운영 안하면 판매불가 수준이고 한국도 일본도 유럽도 마찬가지인 상황인데 계속 온라인 A/S만을 고집해서는 판매가 중국 말고는 힘들죠
210,0,"웃기네~고교생이 2년간 미국 유학 갔다왔다고 논문 번역할 실력이 되냐?기술논문은 영어 좀 안다고 할 수 있는 게 아님~조국부모가 머리나쁜 딸 대학과 의학원 보내려고 작당하고 비상하게 머리돌린게 빤함..외고 집어넣으려고 2년간 외국유학 보내서 유학자 특례입학으로 외고 입학시켰고..문과에서 이공계 대학을 집어 넣으려고 스팩쌓기로 고교2학년때 미국 대학으로 유학간다고 뻥치고 고교생을 대학 연구팀 인턴에 두차례 억지 집어넣어 제1,2논문자 만들어 고대이공대 입학..부산대 의전원 특례입학시키니 따라가지못해 2번 낙제해 짤릴 애한테 장학금 줘"
211,1,저 문벌구새끼 동남아 가서 또 얼마나 구라를 쳐 댔을까 생각만 해도 챙피해서 미치겠다 문벌구와 대화할때는 녹음기가 필수 인데 쩝
212,1,말해준사람이 OOO이지 나같음 말안한다 ㅁㅊ것들 아냐 ㅆㅂ
213,0,물이 안빠지는건데 그쪽 행정이 문제지. 망할 공무원넘들.
214,1,어따 훈계질이야 OOO이. 니 논리면 불매운동하려고 '개인사업' 하는 택배기사들이 자의로 돈 버리고 안한다는데 그건 국민의 뜻이 아니고 택배기사는 니 노예고 하인이냐?? 저년은 국회의원이나 되면서 택배기사가 어디 종속된 사원인줄 아는년인가????
215,1,이런더러운재단에서누가돈내고공부하냐~~ 내같으면 바로자퇴한다~~~학생안오면재단새키들도손꾸락빠는거아녀???
216,1,사진보니 더 화가나네.. 짓밟을때는 자신의 몸무게가 좀 된다는걸 인식하고한것아닌가. 그 덩치로 말이야....바퀴벌레만도 못한
217,0,X맨의 부활~!!
218,1,OOO나는 아직도 베레기1이다
219,1,OOO~~~~~~오바마를 뽑아야겠다
220,0,혼자 빵이치지 말고 밑에 애들 다 데리고 굶어 라. 내가 낸 세금으로 월급 받아쳐 먹으면서 밥 값도 못하는데. 당연히 굶어야지
221,0,여기에 알바생들이 많은걸 보아하니 촛불민심을 제일 두려워 하나보네요 이럴때일수록 더 합심해서 모여야 할 때입니다.
222,0,그래봤자 우리나라는 다문화 밀고있음 중국한테 제주도땅 다팔아먹으면서 해군기지 안된다고함 대한민국 수준임 박근혜나 민주당 이나 똑같은놈들임
223,0,이자식 주둥아리 나불대는거 보니 또 대형 악재 터지겠군
224,0,깜빡이 잘 넣고 요리조리 다녀도 일찍 갈 수 있어요~ 솔직히 서울 댜로에서 겁나게 천천히 가는 인간들 땜시 사거리 신호 몇번 타이밍 안맞으면 10-20분은 금방임..
225,0,80세이상 운전자에게 보험료를 일괄적으로 500만원씩 매기면 될일이다
226,0,몸팔아 돈번 여자들도 처벌받아야지. 피해자 코스프레하는 건 아니겠지.
227,0,사법부가 성폭행 한거구요 정치벌레 또한 같이 저지른 범죄입니다..어디까지 가야 법을 바꿀겁니까??
228,0,중국을 몰리도 너무 모르네!
229,2,역시 짱OOO ㅋㅋ 어떻게 사기칠까 고민만 하고 짝퉁만들어 내고 여러가지 연금술로 쓰레기에서 음식을 만들지 ㅋㅋㅋ 저러니 사람들이 중국거는 안쓰려고 하는거 ㅋㅋㅋ
230,1,제발 사형제도 부활합시다 흉악범들이 난무해서 어디 선량한 사람들 겁나서 살겠습니까?? 저런 인간도 아닌 OOO한테 자식잃은 부모는 어떻게 살란말입니까 인권은 사람한테 필요한거지 저런 개만도 못한 쓰레기들한테는 과분 한거지요 제발 사람사는 세상좀 만들어봅시다 무조건 사형제도 부활해서 인간 말종들은 폐기 처분합시다 저어린 학생이 무슨죄가 있습니까 아~~~~~ 진짜 안타갑고 불쌍하네요 남겨진 가족들은 이억울함을 어떻게 하지요??
231,0,초보 운전 스티커가 임산부한테 증정 되었으면 좋겠어요 그러면 좀더 조심 할수 있을 탠데
232,1,또 시작이냐? 노무현 대통령 또 시작이냐? OOO집단 막장으로 가니까 뭐라도 건져야겠지? 그래 노무현 딸래미가 그랬다고치자 니들한테 득될것 같냐? 박원순 시장 뒤통수 치려다가 그렇게 당해보고도 그래도 네거티브에 매달리냐? 개꼬리 3년 아니 30년을 묵혀도 여우꼬리 안된다는 말이 왜 나온줄 이젠 알겠다 어쩔수 없는 집단이라는거 이제 4월이면 땅을치고 울날이 올거다 문재인 뒤는 얼마나 파고 다녔을거야? 아무리 뒤져봐도 건드릴데가 없었지? 어디 한번 보자구...무보수 알바 올림
233,0,졸빨아먹고 또달란다
234,0,내 가는곳마다 냉장실은 곰팡이 덕지덕지던대. . 그딴데에서 장을어떻게 보냐??? 진짜 시장더러움.
235,1,캐쌔 ㄱ 끼들구나 이런정부른 지지하는인간들 대갈통을 갈라놓고싶다.
236,1,견찰새끼들 존나 한가하네 엄마가죽일려고해요면 몰라도 잘물어봐서 싸다구한대맞았다고하면 출동할시간에 잘알아듣게 야그를잘해줘야지 그런교육도안받나 존나 밥OOO같은넘들 지구대엔 신입이아니면 퇴물들만있으니 안봐도 비디오지
237,0,웃기는 대한민국..건강보험은 일년에 한번도 않가도 계속 오르고..국민연금은 정작 필요할때 받지도 못하고...명칭을 바꾸는게 오히려 맞다.건강세금.국민연금세금으로..어차피 혜택 제대로 받지 못하니.
238,1,아 ㅅ ㅂ 동성끼리 결혼하라고 걍 놔둬.저 나라에 문화와 개인 취향인데 왜 님들이 상관하는거.그냥 놔둬요.더럽다고 하시는데 와나 진심 우리나라 문화 생각이 참...
239,0,손흥민 선수의 한골은 대한민국도 할수 있다는 지긍심을 심어주었습니다 화이팅!
240,2,북한주민쌕히등 분노의 키보드질 오지넼ㅋㅋ 귀순한놈 처벌하라는 장애인들 김정은욕시키면 절대못함 ㅋㅋ
241,0,기독교고 신천지고간에 전부 지들이 말하는 성전에서 불타죽어야만 아.. 여기가 지옥이엇구나 할거다
242,1,아 진짜 머리 돌들 초파리랑 사람이랑 비교하며 댓글다는 대갈뽀끔밥같은 자슥들
243,0,감옥에 갈 날이 얼마남지 않았습니다.
244,2,자살 당했당꼐?ㅋㅋ 졸라도 놈들이 매일 마더뻐커 욕쳐먹으니까 결국 한다는 짓이 마더뻐커 자살로 위장해서 죽여분것이랑꼐? 요즘 교도소에서 자살이 쉬운줄아나?ㅋㅋ 청송교도소 청주교도소 광주 전주 교도소 대부분의 장소에 CCTV가 장착되어 눈에 띄지 않는 곳은 화장실 정도밖에 없다. 그런데 저런 희대의 악마를 그냥 방치해 자살하게 놔뒀다? 절라리아 윗대가리 놈들의 사주에 의한거 아니면 도저히 불가능한 이야기다. 이건 절라리아 놈들의 쇼에 불과하다.
245,0,처음에는 허위사실이니 뭐니 난리부리더니 지니까 다른거로 생색내네 ㄷㄷㄷ
246,1,박근혜 후반기 안정적인 국정운영?능력이나 있나? 무식한 탄소가스.최저시급도 모르든 사람이!
247,0,우리 대한민국 현정권이 정말 잘 판단하시기를 바랍니다 .. 평화도 내가 힘이 있어야 가능합니다 ^^ 그동안 저질러왔던 온갖 국방비리 자들은 무기징역이나 사형에 꼭 처합시다 ..
248,0,쌍도남 클라스 ㅋ
249,0,백원우 의원 디질때 내가장레식장에서 축하곡?함해주까? 정닌챙기자
250,0,진짜 올해 하나도 안덥고 너무 좋던데?
251,1,자한당이 패트저지하려고 했듯 극렬하게 막지않은게 정권바뀌면 칼두개다 이 생각인거같다 정권바뀌면 친문광신도들이 공수처폐지로 시위할거 생각하니 헛웃음이 나온다 나라에 암적인존재 두곳이 정권돌려먹으며 한짓이 이거다 정말 한심하다 두곳만 보는 국민들도 한심하다 제발 내년총선 그리고 다음대선에 정치혁명좀하자
252,1,미친 왜자꾸 기다리라는 건지. 아후
253,1,오늘 면허취소 벌금 딱 300 나왓는데 이기사가 눈에 뙇 ~~ ㅅOOOㄲ
254,0,대한민국의 평범한50대인데 백종원씨의 철학과 TV에서 보여지는 모습은 나이는 어리지만 존경합니다.
255,0,삼성이 빨리 망했으면 좋겠네요
256,1,거지 대장이랑 경협 시부리는 놈은 대가리에 뇌는 들었냐?
257,0,이거 생중계로 해주면 안되나..그러면 보는눈이 많으니 검찰도 제대로 할것같은데...
258,1,저동네는 사기전문 동네인가봐...야~OOO아........갈치 값이 얼만지 시장 가봐라...주뎅이만 뻥긋하면 거짓말에 뒷통수에...
259,2,시민들은 레알 홍어 선영이 검거 소식을 더욱 바라고 있음ㅋ 왜곡.편협.날조.도배.유언비어로 사람들을 세뇌의 도구로만 생각하는 야비함과 드러움을 타고난 기생충 홍어 그리구 김미영팀장 왜 검거하냐? 명개남과 홍어들 왈 도요다다이쥬 슨상님과 노무현님의 유훈을 받들어 서민금융 세상을 만들려 애쓴 홍어조폭 사채업 홍어민주화의 혈맹 동지인데? ㅋ 김미영 팀장같은 유능한 인재들이 애써야 부산저축은행 대전저축은행처럼 광주일고 호남향우회 구멍동지들끼리 모여서 호남향우회장학금 수십억씩 뿌리고 난장까며 논뒤에 튈수있지 ㅋㅋ
260,0,정치 관료들이 연예인 저러구 안불렀음 좋겠다 자기가 부르면 다가니까 종부리듯 부르는거야 뭐야 별로 않좋아보인다 드러워
261,1,늙은새끼 콱 밟아 죽이고 싶네
262,0,단독범행이래.... ㅋㅋ 개그하고 자빠졌네.....
263,0,"개가 그냥 아무이유 없이 그냥 물었을거라 생각하나? 여친집이면 어느정도 개하고 안면도 있었을테고 그런상황에서 낯선이도 아닌데 그냥물지는 않지 조올라 괴롭히고 귀찮게하니까 물었겠지 물린새끼는 ""어라 이 개새끼가 무네 쳐죽어라 했을거고"""
264,1,눈은 장식품이 아님.. 아이템 구매하는데 가격이 나와있구만 사놓고 폭탄 맞았다고 헛소리 삑삑거리는 놈들이 OOO광고하는거지
265,0,얼마나 힘들면 그럴까 생각해봐야합니다 국민 한쪽이 외면받는 정책은 문제가 있는거아닌가요?
266,0,"그리운 이름, '김본좌'"
267,0,지구 온 나나 때문이잖아
268,2,우리나라도 마찬가지지...한달월급150도안되는애들 시급6000원짜리알바하면서 점심은 삼각김밥먹고 커피는 스타벅스가서 똥폼잡고 5000원넘게 주고 앉아있는 김치뇬들...ㅋㅋㅋ
269,0,애미추 503이랑 같은방 쓰게 해주세요
270,0,전관예우는 없어져야한다! 반드시
271,0,vs Nude Island VS Double Dog Island
272,0,강아지 4마리니까 이름을 구사..일생...천만..다행...이라고 지으면 되겟다
273,0,시진핑이 혈맹이라고 말한 순간부터 중국이 북한은 절대 버릴 수 없다고 선전포고한거지. 그러면서 북한이 잘못하면 우리 책임없고 미국책임이라고 언행불일치적 발언을 하고 있음. 중국은 지도자부터 글러먹음
274,1,꼴통새끼들아! 지금과같은 청문회방식 노무현정권 시절 야당이었던 당시 한나라당이 만든거야...ㅋㅋㅋ 참여정부 엿먹이려고 만든 방식이 부메랑이 되서 지들 발목 잡을 줄 몰랐나? 한심한 놈들!ㅉㅉㅉ
275,0,민주당 솔직히 딴나라당에서 나와서 들붙은애들 넘 많다..손학규부터가 드렇잖여..
276,0,"내 피파 스쿼드 호날두,베일,수아레스,이브라이모비치,벤제마, 산체스,테베즈"
277,2,장관할때 딸 판사시킨 홍어놈.. 법무부 장관 해 처먹는 동안 새파란 지 딸뇬 판사 시킨 홍어놈... 요즘 같으면 아주 난리가 날 사건인데 그때 전혀 아무 물의도 없이 조용히 넘어갔지.. 우리가 참 무서운 독재정권을 겪었당께? 노른자위는 고사하고 온갖 자리라는 자리는 온갖 특혜라는 특혜는 모조리 즐라도 홍어들과 좌좀들이 다 해 처먹는 히틀러 스탈린 모택동 김일성 독재보다도 무서운 국민독재 헐... 그것도 달구지 끌고 다니던 100년전도 아니고 인공위성과 우주선이 날아다니는 이 자유와 민주의 2000년대에 말이지... .
278,1,근혜누님이 오늘따라 슬퍼보임 아베쪽바리OOO
279,1,저새끼도 아직 상황파악 못했나보네 ㅋㅋ농가에서 일부러 쓴게 아니고 지침없어서 상점가서 살충제달라고해서 뿌린거잖아 ㅋㅋ이게 농가가 속여서 그런거냐? 아님 정부가 등.~신이여서 그런거냐?ㅋㅋ
280,0,악마
281,1,시급 오르면 미하냐? 씨바 월급은 똑같다 월급에 다 녹아 들어갔네... 이런짓을 왜 하는건지.
282,0,"안드로이드는 구글이 만든게 아니라. 실리콘밸리에 있는 아주 작은 벤처기업에서 만든 것이다. 안드로이드 OS를 만든 다음에 규모를 키우기 위해 여러 기업에 회사 매각을 제의했고, 거기에는 삼성전자도 후보에 있었다. 그 중에서 구글이 회사[안드로이드]를 인수한 것이다. 만약 한국의 중소기업에서 이런 독창적인 OS를 만들었으니 우리 회사를 사달라고 제의하면 어떻게 될까. 인수할 것처럼 바람만 넣고선 기술과 인력을 빼와서 대기업에서 비슷한 짝퉁을 만들어버릴 것이다. 한국인이 무능해서가 아니라 대기업이 창조경제를 망치는 것이다."
283,1,법 진짜 ㅈ같네 멀쩡히 주행하던 사람이 피해자지 고속도로 한복판에 그것도 이차선에서 멈춘사람이 피해자냐? 경찰 변호사 판사는 다들 면허가 없냐
284,0,사람이 꽃보다 아름답다고 노래 처 부르던 그 놈은 뭔 생각으로 그따구 노래를 부른겨.
285,0,양호야 빨리 불어 나라를위하고 현아를 위한거야
286,1,내가 남자라고 해도 저딴 ㅁㅊ시키보고 수치심이 느껴질 정도다 저딴 인간?? 화학적거세?? 필요없다 그냥 없애라!! 물리적으로!!
287,0,애들아 판매 1위가 메이드 인 짱개라는걸 잊지마내 말은 잘 보고 사란거다
288,1,장하성 씹허를 놈아 경제 망친거 좀 봐라 개수에이야 중국 가서 한국 경제 보니 답 나오니?
289,1,정부에서 막을 힘 없으면 서해 5도민에게 무기지급해라 의병 이라도 일의켜 뙈놈들 막을테이까 간나 시키들아
290,1,18..개 .재앙.. 새..끼야.. 김정은이 왜 오는 이유도 모르겠고..무식하게..밀어 붙치는 이유도 모르겠고. ..에이.십.브..랄것
291,2,"정경유착과 부정부퍠의 원조는 개정희와 개누리당이지. 근데도 붕신같은 궁민들은 빨타령만 하고 자빠져 있고 세뇌교육 당한 것도 모르고 무조건 개정희 존경한덴다. 북한처럼. 그러니 나라가 갈수록 더 개판이지 , 암만 따들어 봐야 선거때 빨타형하면 붕신 궁민들 무조건 또 1번 찍는다"
292,1,윌소득 800백만원?? 이게 기사 꺼리라고 쓴나 날씨가 더워져 가니 별 미친 기사가 다나오네 이 어려운 경제속에 허덕이는 서민들이 얼마나 많은데
293,0,중국인들이 많이 찾으면 대형프렌차이즈 매장들이 들어서고 기존의 있던 명소같은곳은 다 사라지겠지? 나중에 명동꼴 나지싶다.이러다 진짜 제2 중국땅 되는게 아닌지...이미 제주도도 중국인이 점령한 마당에 ㅋㅋㅋ 제발 상인들이나 건물주나 윗놈들은 눈앞의 이익만 쫓지말고 멀리 세보 앞까지 내다보는 현명함을 지녔으면 좋겠다...
294,1,"미통당에 저능아 또라이들만 있는게 아녔다면 이번 총선에서 민주당과 호각이었을텐데, 쌩 정신병자들만 있어서 견제도 안되고 참, 나라꼴 잘돌아간다.."
295,1,나라에 투자해 청년들 살릴생각을해야 인정을 받지 오직이득많이남는 해외투자나 해쌌니 너 들어간다고 삼성이 망하것냐 ㅋ 죄지었음 죄값받어 시방새야
296,1,정신이 똑바로 박힌 인간이면 그런 정신나간 노인네 할망구 보고 대통령해라고 안한다. 그냥 대통령이 누가 되던 똥누리당의 가치를 보고 미는거야. 쟤들은...
297,1,여자란 이유로 돈은 적게받고 세금은 더 내고... 싱글 여자가 죄인이냐? OOO 회사에서 나보다 열심히하는 남자 선배를 본적이 없는데... 쳐 자고 나와사 일부러 수염 안깍고 밤샌척... 밤 샌 나는 씻고 나와 상사새끼 선배놈한테 고생이많다고 OOO
298,0,나두 참..돈이 무섭구나 느꼈네요..유가족분말이 맞았음..근데 생명공학전공자까지 낀 변호인단 구성해놓고 무슨 진실을 알고싶어서..말로써 싸우는사람들이라 참..고상하게 갖다붙이네요..ㅜㅜ
299,1,OOO들... 저딴 걸 정치라고 하냐. 다 너네 돈이냐? 봇물 틀듯이 막 쓰네? 대가리에 뭐가 들었냐?
300,2,종북좌빨들은 선거부정녀 이정희의 정계은퇴는 촉구 안하나? 투표조작에 비례대표선거부정에... 이정도 했음 정계은퇴감 아닌가? 이 쓰레기들아...
301,0,잘못이라면 무죄추정의 원칙도 지키지 않고 범인으로 확정한듯 발표해댄 경찰과 확실하지도 않은데 자극적으로 보도해댄 언론이다. 고발인이나 피고발인이나 자기 할말을 하는건 그들의 권리다. 문제는 양쪽 다 들어야할 경찰과 언론이 한쪽말은 개무시했단거지
302,0,우리나라 같았으면... .. 말하기도 싫다
303,0,이제 그 만들 했으면 좋겠다 국회의원 약도 없는 병이다. 죄다 국회의원만 할려고 하고 애들 한테는 절대 국회 들어가지 말아 도둑놈 소리 듣는다. 그런다 이런 OOO의 국회 북에서 오늘 5발 또 날련네 조만간 국회로 5발 조준 발싸 대박 우리 국민은 절대로 울지 않는다 그져 경사난네 경사났서 하고 쓰레기들 욕하고 내 저럴줄 알았네 하고 함막웃음 짓는다 동의 하지요 여러분
304,1,얼아나 답답했어면 제초제를 마시고자살을 삼가고인의 명복을 빕니다댓글에 욕하는 인간은 너희 부모가죽어도 잘했다고 욕하고 OOO힐고냐??에공 뇌 없는 인간들 닭 오리를폐기처분도 중요하지만 이런곳에욕하는 인간들 묻어야되 ㅉㅉㅉ
305,1,OOO이젠 만세운동을 한국에정치판에 해야되는건가 도대체변화거없어
306,0,한국에서 제조국 인대 비싸고 원가공개도 않되고 정부 제조기업 통신사 도움주고 받고 이러다 보니 국민은 호구되고 외국통신사는 국내 진입이 않되니 물은 썩어가고
307,0,아이폰 솔직히 게임하려고 오타쿠들이나 사는거아니냐...
308,1,류성우보고있냐시내에서 내눈에보이면 너새기뒷통수 아작난다..이병일병 맨날 괴롭히던 인간쓰래기 ㅗㅗ변태섹기 OOO하고싶으면 돈내고 사창가가던가 왜 후임병보도빨라고시키냐 미친변태쓰래기야~빡큐
309,1,"불법폭력시위는 처벌 받아야겠지만, 왜 다수가 시위했는지 메세지는 듣고 욕해라. 대부분이 노동자일텐데 무조건 욕만 하냐? 욕하는 놈들은 사업자냐 아님 뇌는 악세사리냐? 몇몇 OOO들이 이석기 석방등을 요구했다고 다수가 요구하는 것은 무시하고 그 것만 이슈화하는게 머리가 있는 사람이 할짓이냐?"
310,0,엄하게 처벌해야 합니다 취중에 저정도 이면 평상시에는 얼마나 개망나니였을까 짐작이 갑니다ㅠㅠ
311,2,저런 종북종자때문에 요즘 진보는 설길이 없고 7시는 신나게 까이고 다음대선도 보수 정권 안착 ㅋㅋ
312,2,문재인=김정은만 보면 자지가 발딱 서는 청와대 공식 게이놈
313,0,"손학규와 문재인에 대한 국민적기대 야원 통합을 책임지고 있는 이인영 최고위원의 게걸음이 결국 민주당 손학규 대표의 발목을 잡은 격이다. 그나마 다행인것은 민주당의 야권통합이 답보 상태에 빠진 상황에서 통합을 위한 큰 밑그림이 문재인 이사장의 손에서 결국 나오고 말았다. 야권 통합 내지 단일화 없이는 총선 대선은 꿈도 꾸지 말아야 한다. 문재인 이사장의 야권통합 박차는 자신을 위해서가 아니라 총선 대선의 승리가 아닌 필승을 위하여 통합야권을 위해 나왔다는 점을 우선 주지할 필요가 있다. 민주당에 대한 국민의 꾸지람은 야권 맏형으로서의 적극적인 역활을 주문하는 것이다. 민주당 손학규 대표와 문재인 이사장의 대선 후보의 단일화 과정은 용호상박의 자웅을 겨루는 역대 대한민국 최대의 정치적 빅이벤트가 될 것이다. 올바른 도덕적 가치로 무장된 두 사람의 정치적 거물이 존재한다는 것은 불행중 다행인 것이다. 역동적인 대한민국을 리드할 두 사람에 대하여 차기 대통령 후보군으로 불려도 전혀 손색이 없다. 야권 차기 후보는 반기문 유엔사무총장, 김대중 대통령, 노무현 대통령의 정치적 유산을 이어받게 될 것이다. 축복받게될 미래의 대한민국의 모습을 더올리는 것만으로도 심장이 두근 거림을 느끼게 된다. -태평천국을 꿈꾸는 사람-"
314,1,경고 이시저에 문빠들 설지면 안된다
315,0,참 권력이라는게 한순간이네 보시라이 운명이 딱 보인다 거의 사형감인데 쿠데타기사가 나오는걸 보니
316,0,담배 안피우는것들 신입으로 뽑지 않겠다 괜히 비흡연자 눈치봐가면서 업무효율 떨어뜨리지 않겠다
317,1,OOO 저새끼 얼굴 뉴스인터뷰에서 봄 사람 같지도 안은새끼 지가 범인인데 아닌척 하고 인터뷰를해? 머 ?그다음은 어디로 갔는지 모르겟다? OOO
318,1,하여간 우리나라는 ㄱ ㅐ.새.끼들 천지야
319,2,쒜발 아 더러워 중국 중국... 연태에 비지니스 때문에 갔다가 호텔에 가보니깐 방은 진짜 큰데 이불 졸라 드럽더라 어두컴컴한데 청소도 잘 안되서 냄새가 오래묵은 냄새.. 더럽다 중국놈들
320,1,OOO ㄴㅇ 제발아무것도하지마라
321,0,문유라의 진실도 함께 파헤치길
322,0,추첨하고 사는 조작 색히들 있는거 누가 모를줄 아냐. 그럴려고 은근슬쩍 시간차 둔거잖아.
323,2,중국과 조선족은 다 죽여야한다 ㅇㅇ
324,0,불리하고 아리쏭한 사건만 터져 해결 안되면국민들 관심좀 딴데 돌리려고검찰은 희안하게도 그 주변 인물을 검거하네 ㅋ시기가 어쩜 이렇게 딱딱 맞아 떨어지는지 ㅋ
325,1,ㅋㅋ이번만큼은 북한말이 맞네 운전도 똑바로 못하는 어리버리새끼가 운전자론ㅋㅋ그리고 김칫국하고 훈시는 뭐 예전부터 주특기 치매 쩝쩝이 병ㅅ신 재앙이새끼
326,1,쓰레기새기들 ㅋㅋ 수준이 진짜
327,0,아이폰5 나올때가 됐나보구나ㅋ
328,0,애버리고 집나간 애엄마도 처벌해야지
329,0,일본에서는 박근혜가 친일인사로 알려져있죠.
330,1,청문회없애라 꼴리는데로하고 어째 쓰레기들뿐인가 옳은놈한놈없네 박영선 김연철 민변 우리법연구회등등 주뎅이만 온갖척척 지저분하고 역겹고 구역질난다 이게 나라인가
331,1,30대 집값 폭락 쟁이 백수들ㅋㅋㅋ이럴 시간에 일이나 해서 집살 생각해라..나이 처드시고 부모 밑에서 젖빨지 말고ㅋ그지 들아ㅋ
332,1,유승준이 누구에요?? 저사람은 수티분 유씨 아닌가요?? 늬나라에가서 앨범내세요 양아치년아
333,0,"말을 해야알지. 싫으면 싫다고, 넘 네네 하니 가마니로 보잖아요. 착한 남편 시어른 자녀면 그래도 되나 그외엔 시키고 말하고, 당근만 주면 안됨 싫은 소리도 가끔해야 대우받음"
334,1,개소리까네.니들이 그런말할 권리가있냐? 그재산은 내비두면 그대로 가치유지는 되냐?
335,1,바람핀거고 계모가 아파트주면 안산다고 했고 애들 친모한테 보내면 양육비줘야하고 지새끼한테 주는돈이 아까웠냐? 그러면서 여자끼고 호호하하했겠지 이새끼 싸이코인가
336,0,저게 막는다고 막아짐? 기사가 막아서 희생을 막았다고 하던데 사람이 막으려고 한다고 막아질게 있고 아닌게 있지 승용차도 아니고 버스인데 남자 한명이 막는다고 0.5초라도 막아짐??이해가안되네.
337,1,개나라의 알바들은 개나라의 알바들은 일찍일어납니다. 최소 10명은 개나라 알바들이 존재함...
338,0,이쁘다 단아하고
339,0,핵심기술? 우리가 무슨 모터바이크 기술이 있어? ㅡㅡㅡ 걍 일본거 얻어다가 만든주제에? 250cc 도 제대로 못만드는 기술인데..먼 핵심기술 ..아이고야 배꼽 빠지는 소리허네
340,1,징징대지 마라. 이제 나라 망하면 지금이 꿀이었구나 생각할 거야. 카르페디엠이다 개돼지들앜ㅋㅋ
341,1,일본은 제가 초등학교사회공부할때부터 악감정같게해줌 독도는 일본땅 OOO 원숭이벼룩장기두는소리하네 러스크 서한믿고나대는일본인의2%는 러스크서한 완벽하지도않은 비공식적문서를받고 독도는 우리땅?우리땅인가? 하다가 니네가물범인가바다표범잡을라고 OOO하다 이렇게됀거잖아 원숭이 꼬리밟고싶다
342,1,"우리나라 99%이상이 이런 상황인데 뭐같은 정책을 시행한 정부~ 참 개념 앖는 것 같네요 무상노동의 부작용으로 분명히 이번 정책은 후폭풍이 예상되네요~ 정말 무개념, 생각없는 정책은 내놓는 식충들 거의 박근혜에 버금가는 적폐네요"
343,1,또또 라이 년
344,0,파밍이나 보이스피싱이나 강력한법으로 다스려야함범인들을 강남역 도로에 내몰리게 해서 주위에 있는 사람들이돌을 던지든 불을지르든 간에 잔인하게 처벌해야한다고 생각한다
345,0,학교를 보내도 이런경우는 허다하게 생기는데 이럴때 방편도 없이 직장생활하는건 아이에 대해 너무 무책임한거 아닌가?일주일 단기학원이라니..적응도 하기전에 끝나겠다..그동안 애들은 얼마나 힘이들까..지역 직장맘들끼리 연계해서 돌봐주든지..얼마든지 방법이 있을텐데..
346,2,일베하던놈이 대통령되면 아베처럼 되는거임
347,2,그냥 대깨문들이 제일 문제다 지금 어떤게 문제인지도 모르고 ㅉ
348,0,"확실시 주변에 아는 사람들 얘기하다 보면 누가 죽었다는 말이 나오는 듯..., 아파트에 여자하나 자살했단말 듯고 그 아파트 주민이 집값 떨어지게 죽었냐고 동네사람들과 욕하다, 딸이 자살했다고 집에서 연락왔다고 하드만...-__-"
349,1,"-- 힘없는 서민에게 고사포만 쏴 대던 삽명박, 똘그네 무리들,,,, 기름장어 내세워 또 해 처먹으려구 ? ,,,,,,,,,,,, 이번엔 하늘이 두쪽나도 택도 없데이,,,,,,,,,,,,,,,,,,,,"
350,2,서민만 조지겠다는 전형적인 좌빨들 방식
351,0,"벤조피렌은 극소량은 암 안생기니 먹어도 괜찬다. 그게 걱정이면 숯불갈비, 불고기, 삼겹살, 훈제요리같이 불에 직접 굽는 것에 더 많이 나오니 먹지 말라."
352,0,시바 지금 싸드가 문제가 아니라 미세먼지가 더 문제여
353,1,"악의축이자 쓰레기 정말 개무성, 유승민같은 배신자들은 국민의 이름으로 끌어내려야한다"
354,0,저러다 뇨자 봉지에 키스할테세....
355,0,아시아나탑시다~~~
356,0,3사 출신이 3성 이상도 대단한데 합참의장까지 되시면 정말 엘리트시네요. 군비리 꼭잡아주세요
357,1,정청래 같은 사람은 일부러 라도 공천을 했어야지..개누리는 윤상현 같은 노옴도 공천 햐줄텐대...등신들..
358,2,개한민국 인간들 좋은날 사이좋게 지내야지 처 싸우기나 하고 조센징은 다 뒤져야되
359,2,이래서 기집년들이 욕쳐먹는거다 ㅋㅋ 돈이면 다 되는데 시 발 ㅋㅋ 그래놓고 페미 거려 뒤11질라고
360,0,그게 비행기냐 ~ 스릴은 있겠다만..
361,0,이회장 이분이 진정 보수죠!!
362,0,[주]예수......그들의 일상을 보면 놀랍지도 않다.
363,2,봤지 ? 그러게 일베쓰레기들은 사회정화목적으로 청소해야된다니깐...
364,2,머리에 든게 없으면 가만히 있든가 진짜 무식하면 공부나 좀 하지 할줄아는 건 깽판치는것 밖에 없고 북한 찬양질 밖에 못하고 발끈할수록 무식한건 더 티나고 ㅉㅉ 진짜 부끄러운 줄을 모르네 진짜 공부 좀 해라 머리에 든게 없으면 가만히라도 있든가
365,1,개eee세끼들 다 고사총으로 숙청해버리고 싶다
366,1,미.친... 군대 안갔다왔나.. 어디 총을.. 그것도 실탄이 들어있는 총을 겨눈것만 해도 문젠데 당기기까지 해? 과실치사가 아니라 명백한 살인이다.
367,1,"나라가 약하면 외교라도 잘 해야되는데 외교력도 무능하고 순진한 건지 멍청한 건지 진짜 이 나라에 있는 놈들은 다 돌대가린 건지 솔직히 진짜 한심하다 나라 꼴이..전범국이 다시 전쟁할 수 있는 나라를 만들겠다니까 &#34일본, 한국 동의없이 한반도 진입 못 해&#34 이딴 어이없는 헤드라인이 뜨는데 지금이 고대냐? 중세냐? 타국의 동의없이 영토, 영해, 영공 들어오면 그건 침략이야 이것들아 ㅉㅉ 당연한 걸 외교성과라고 헤드라인 띄우는 이 나라가 진정 주권국인가? 이조가 중립국 선언해서 일제가 침략 안 했냐? ㅉㅉ"
368,2,또 전라도? 전라 전라 전라 절라 절라 절라 절라 전라전라 전나전나전나전라전라전나짜증나
369,0,글쎄 너무 추워서 생명체가 존재할수 있을까?
370,0,일본은 침몰중 토착. 일본당 도. 침몰중
371,0,"건설현장에서 어렵게 일하고 돈 조금 받아 입에 풀칠하고 주5일제는 꿈도 못 꾸고 겨울에는 춥고 일이 없고 여름에는 장마로 인해 꾸준히 일도 못하고 철 모르는 놈들은 막노동,노가다라 손가락질하는데 우리가 왜 참고 있나 택시기사들처럼 뭉쳐서 정치적 힘을 보여줍시다 건설현장에서 막노동하고 싶어서 하는사람이 어디있나 건설노동자들 뭉치면 그 가족까지 몇 백만을 될 것인데 뭉치지 못하니 허구헌난 임금체불,기술자나 잡부할 것 없이 노가다라 손가락질 받는것 아닌가 이참에 건설노동자들도 조합이나 단체 만들어서 정치적인 힘을 OOO휘합시다"
372,0,새벽에 장볼곳이 하나도 없냐 시차적응안될때 새벽에 장볼수도 없고 ㅋㅋㅋ 시장은 해뜨고 가서 장보는곳이지 24시간 규제도 풀었으면 좋겠다. 새벽에 문여는 가게는 편의점이고 비싼가격받아가는데..
373,0,트럼프 화이팅 화이팅 화이팅 !
374,1,국정원여직원공작사건 무뇌인 니가 배후자 맞지? OOO들 가담자들 잡아서 척결해야된다 국민 풍기내란죄 표창원이도 가담했다 허위공작사건 OOO들.
375,2,쪽바리들은 전쟁할거면빨리해라 갈수록 우리나라에 친일쪽바리후예들 뒈져없어진다
376,0,볼때마다 정부도 무능한건 사실이다. 야금야금 들고와서 나중에 중단 시켜야 한푼이라도 덜 주고 압박할거 아니가 ㅡㅡ 그리 외교관계를 하면서 패를 다 보여주며 이끄니깐 무능한거다 악플이 아니고 충고로 받아들여라
377,0,택시가 많아도 너무 많아..
378,1,개같은 정치인들아 다른건 몰라도 애들 먹이는건 잘 먹여라. 피같은 세금으로 미친택시기사들 연 2조씩 퍼주는 OOO짓 좀 하지말고
379,2,일베충은 수간인증사진도 올린다는게 사실인가?????니들 성폭행범이야?????
380,0,자업자득 ㅋㅋ
381,1,자한당아 독재는 이승만 박정희 전두환이 했던게 독재란다. 대한민국 100년 역사에 독재를 했던 당은 자 유 한 국 당 너네뿐이야.. 그만 사라져라 너네가 애국보수라고? 너네 독립후손들을 한번이라도 찾아봤냐? 자유한국당 너네는 이제 더 이상 갈 곳 없는 궁지에 몰린 쥐다.. 그니까 아직도 6.25때 수준의 빨1갱이만 외치는거야 대한민국 자유민주주의가 된지 몇십년이 지났는데 공산주의로 돌아가고 싶은 도라이가 어딨냐?? 그 노인네들 그만 고생시키고 사라져라 좀
382,1,OOO통 세상
383,1,저 시돼지 섹뀌 미련 곰탱이 같이 생겨 가지고 뱃속에 능구랭이가 열댓마리는 들어 앉아 있을거야
384,2,근데 한 걸레 지난 총선 때도 여론조사 틀려 완전 개망신 당했잖아 ㅋㅋㅋ 민주당과 야권이 과반수 넘는다고 개표 직전까지 졸라 좋아하더만 ㅋㅋㅋ 결과는 새누리 압승 ㅋㅋㅋ
385,0,"카카오톡이 진리임 솔직히 skype, yahoo, msn 보다 대세는 카카오톡임 전세계사람들이 인정했음"
386,1,역시 트럼프 x라이가 본색 들어내네요 오바마 대통령이었으면 이렇지 않았을텐데.... 사람목숨을 돈으로 보고 있는 X새끼... 사드 철회합시다! 트럼프로 인해 드러나네요 장사라는것을... 나는 종북 빨갱이 정말 싫습니다! 그러나 트럼프 너무 하네요... 핵 장난하는 북한 건드리지못하는데 그돈으로 우리도 핵만듭시다!! 도로 가져가라!!! X같은 트럼프... 난 종북빨갱이 정말 싫다 그러나....니미...ㅜㅜ 싸드 돌려보내고 북 공격하면 죽도록싸우자!! X같은 트럼프... 오바마였으면 안그랬을텐데...
387,0,검찰앞에가서 촛불 시위해야 하는거 아닌가? ㅋㅋ
388,1,OOO들 차승자박하네 교육이 실험이야그런다고 일반고가 특목고 이기니사교육 퍽이나 줄것다정치하는새까들 표만처먹을려고 별짓 다하는구나간소화는 간소화 해야지시험은 능력제인데 그걸 막으려면 아예 시험을 보지마라
389,2,좌좀들 논리적으로 반박을 못하니 인신공격이나 펼치네 ㅋㅋㅋ 니들 수준이 그렇지 뭐 ㅋㅋㅋ 팩트 하나 없는 사기꾼 새끼들
390,1,훗~ 요즘도 아이폰 쓰는 드엉신 있나? 한심한... ㅋㅋㅋ
391,0,길거리 음식 먹으려고 현금인출 따로 한 경험 있다 손
392,0,그래 못생겻으면 돈이라도 많아야지
393,2,계집년은 뭔 개짓거리 깽판을 쳐도 신성불가침이여?페미댓통령 만들어놓으니 보지달린게 벼슬이다 벼슬 옘병.
394,2,독립운동가 후손이 악질친일에 빨갱이짓까지한 개정희 그딸년한테 사과를하다니.공천장사까지한 양심도없는년한테 사과라니 ㅋㅋ 지나가던 개가웃을일이네.
395,1,자유민주주의는 무슨 독제정치네 OOO들 언젠간 큰코다친다 나라참잘돌아간다 OOO
396,0,문재인아 너를 지지햇던 젊은 층들 뒤통수 치냐
397,0,현정부 잘못했다에 한표찍었는데 이사람들 무엇을 착각하는데
398,0,할배요~
399,0,알턱이있나~~ 똥대가리들만 모여있는데
400,0,길에서 필거면 가만히 서서 펴라.. 복잡한길에서 걸어가면서피면 내가 마주쳐지나갈때 내 옷에 담배구멍날까 조마조마하다.. 아님 한모금빨고 손을 하늘로 쳐들고 있든가